{
    "restartPoint": {},
    "restartBot": {},
    "userAgent": {},
    "keyCommand": "",
    "namecreator": "Aditmadzs",
    "autoAdd": false,
    "autoJoin": false,
    "autoReject": false,
    "autoLeave": true,
    "autoRead": false,
    "server": {},
    "changePicture": false,
    "changeGroupPicture": false,
    "autoJoinTicket": false,
    "Img": {},
    "Images": {},
    "Addimage": false,
    "ADITMADZSfoto": {},
    "ADITMADZSlimit": 1,
    "ADITMADZSmessage": "ADD ME http://line.me/ti/p/~arif.mh",
    "ADITMADZSreadMember": {},
    "ADITMADZSreadPoint": {}
}
